{
    "test_loss": 0.42765748500823975,
    "test_accuracy": 0.9075999855995178
}