{"test_loss": 2.5048468112945557, "test_accuracy": 0.2727999985218048}