{
    "test_loss": 0.4118313491344452,
    "test_accuracy": 0.9092000126838684
}