{
    "test_loss": 0.4106277823448181,
    "test_accuracy": 0.9071000218391418
}