{
    "test_loss": 0.4136759340763092,
    "test_accuracy": 0.90829998254776
}