{
    "test_loss": 0.4243926703929901,
    "test_accuracy": 0.9072999954223633
}