{
    "test_loss": 0.41558539867401123,
    "test_accuracy": 0.9075000286102295
}