{
    "test_loss": 0.41137632727622986,
    "test_accuracy": 0.9079999923706055
}