{
    "test_loss": 0.40342947840690613,
    "test_accuracy": 0.9110999703407288
}