{
    "test_loss": 0.3996856212615967,
    "test_accuracy": 0.9088000059127808
}