{
    "test_loss": 0.4060308039188385,
    "test_accuracy": 0.9101999998092651
}