{
    "test_loss": 0.4011971652507782,
    "test_accuracy": 0.9106000065803528
}