{
    "test_loss": 0.39423686265945435,
    "test_accuracy": 0.9138000011444092
}