{
    "test_loss": 0.42448413372039795,
    "test_accuracy": 0.9077000021934509
}