{
    "test_loss": 0.431734174489975,
    "test_accuracy": 0.9035999774932861
}