{
    "test_loss": 0.4054432511329651,
    "test_accuracy": 0.9128000140190125
}