{
    "test_loss": 0.42749759554862976,
    "test_accuracy": 0.9043999910354614
}