{
    "test_loss": 0.41806626319885254,
    "test_accuracy": 0.9099000096321106
}