{
    "test_loss": 0.40759289264678955,
    "test_accuracy": 0.9096999764442444
}