{
    "test_loss": 0.428424596786499,
    "test_accuracy": 0.9020000100135803
}