{
    "test_loss": 0.4155324101448059,
    "test_accuracy": 0.9117000102996826
}