{
    "test_loss": 0.41460081934928894,
    "test_accuracy": 0.9082000255584717
}