{
    "test_loss": 0.42874178290367126,
    "test_accuracy": 0.9061999917030334
}