{
    "test_loss": 0.4278663694858551,
    "test_accuracy": 0.906499981880188
}