{
    "test_loss": 0.39736634492874146,
    "test_accuracy": 0.913100004196167
}