{
    "test_loss": 0.4261232018470764,
    "test_accuracy": 0.9067000150680542
}