{
    "test_loss": 0.41233623027801514,
    "test_accuracy": 0.9056000113487244
}