{
    "test_loss": 0.42165443301200867,
    "test_accuracy": 0.9107999801635742
}