{
    "test_loss": 0.4269634783267975,
    "test_accuracy": 0.9088000059127808
}