{
    "test_loss": 0.419862300157547,
    "test_accuracy": 0.906000018119812
}