{
    "test_loss": 0.4076269268989563,
    "test_accuracy": 0.9092000126838684
}